Workbook

Sheet Orders (2)
A1: Order ID | B1: Customer | C1: Product | D1: Quantity | E1: Category | F1: Unit Price | G1: Total Sales
A2: ORD001 | B2: Ahmed Benali | C2: Laptop | D2: 2 | E2: =_xlfn.XLOOKUP(C2,Table2[Product],Table2[Category]) -> Electronics | F2: =_xlfn.XLOOKUP(Table14[[#This Row],[Product]],Table2[Product],Table2[Unit Price]) -> 850 | G2: =D2*F2 -> 1700
A3: ORD002 | B3: Sara Ali | C3: Mouse | D3: 5 | E3: =_xlfn.XLOOKUP(C3,Table2[Product],Table2[Category]) -> Accessories | F3: =_xlfn.XLOOKUP(Table14[[#This Row],[Product]],Table2[Product],Table2[Unit Price]) -> 25 | G3: =D3*F3 -> 125
A4: ORD003 | B4: Karim Said | C4: Keyboard | D4: 3 | E4: =_xlfn.XLOOKUP(C4,Table2[Product],Table2[Category]) -> Accessories | F4: =_xlfn.XLOOKUP(Table14[[#This Row],[Product]],Table2[Product],Table2[Unit Price]) -> 45 | G4: =D4*F4 -> 135
A5: ORD004 | B5: Lina Amrani | C5: Monitor | D5: 2 | E5: =_xlfn.XLOOKUP(C5,Table2[Product],Table2[Category]) -> Electronics | F5: =_xlfn.XLOOKUP(Table14[[#This Row],[Product]],Table2[Product],Table2[Unit Price]) -> 220 | G5: =D5*F5 -> 440
A6: ORD005 | B6: Yacine Belkacem | C6: Laptop | D6: 1 | E6: =_xlfn.XLOOKUP(C6,Table2[Product],Table2[Category]) -> Electronics | F6: =_xlfn.XLOOKUP(Table14[[#This Row],[Product]],Table2[Product],Table2[Unit Price]) -> 850 | G6: =D6*F6 -> 850
A7: ORD006 | B7: Amine Marseille | C7: Mouse | D7: 4 | E7: =_xlfn.XLOOKUP(C7,Table2[Product],Table2[Category]) -> Accessories | F7: =_xlfn.XLOOKUP(Table14[[#This Row],[Product]],Table2[Product],Table2[Unit Price]) -> 25 | G7: =D7*F7 -> 100
A8: ORD007 | B8: Nadia Rahmani | C8: Monitor | D8: 3 | E8: =_xlfn.XLOOKUP(C8,Table2[Product],Table2[Category]) -> Electronics | F8: =_xlfn.XLOOKUP(Table14[[#This Row],[Product]],Table2[Product],Table2[Unit Price]) -> 220 | G8: =D8*F8 -> 660
A9: ORD008 | B9: Samir Haddad | C9: Keyboard | D9: 2 | E9: =_xlfn.XLOOKUP(C9,Table2[Product],Table2[Category]) -> Accessories | F9: =_xlfn.XLOOKUP(Table14[[#This Row],[Product]],Table2[Product],Table2[Unit Price]) -> 45 | G9: =D9*F9 -> 90
A10: ORD009 | B10: Ines Bensaid | C10: Laptop | D10: 1 | E10: =_xlfn.XLOOKUP(C10,Table2[Product],Table2[Category]) -> Electronics | F10: =_xlfn.XLOOKUP(Table14[[#This Row],[Product]],Table2[Product],Table2[Unit Price]) -> 850 | G10: =D10*F10 -> 850
A11: ORD010 | B11: Walid Mansouri | C11: Mouse | D11: 6 | E11: =_xlfn.XLOOKUP(C11,Table2[Product],Table2[Category]) -> Accessories | F11: =_xlfn.XLOOKUP(Table14[[#This Row],[Product]],Table2[Product],Table2[Unit Price]) -> 25 | G11: =D11*F11 -> 150

Sheet Orders
A1: Order ID | B1: Customer | C1: Product | D1: Quantity | E1: Category | F1: Unit Price | G1: Total Sales
A2: ORD001 | B2: Ahmed Benali | C2: Laptop | D2: 2 | E2: =_xlfn.XLOOKUP(C2,Table2[Product],Table2[Category]) -> Electronics | F2: =_xlfn.XLOOKUP(Table1[[#This Row],[Product]],Table2[Product],Table2[Unit Price]) -> 850 | G2: =D2*F2 -> 1700
A3: ORD002 | B3: Sara Ali | C3: Mouse | D3: 5 | E3: =_xlfn.XLOOKUP(C3,Table2[Product],Table2[Category]) -> Accessories | F3: =_xlfn.XLOOKUP(Table1[[#This Row],[Product]],Table2[Product],Table2[Unit Price]) -> 25 | G3: =D3*F3 -> 125
A4: ORD003 | B4: Karim Said | C4: Keyboard | D4: 3 | E4: =_xlfn.XLOOKUP(C4,Table2[Product],Table2[Category]) -> Accessories | F4: =_xlfn.XLOOKUP(Table1[[#This Row],[Product]],Table2[Product],Table2[Unit Price]) -> 45 | G4: =D4*F4 -> 135
A5: ORD004 | B5: Lina Amrani | C5: Monitor | D5: 2 | E5: =_xlfn.XLOOKUP(C5,Table2[Product],Table2[Category]) -> Electronics | F5: =_xlfn.XLOOKUP(Table1[[#This Row],[Product]],Table2[Product],Table2[Unit Price]) -> 220 | G5: =D5*F5 -> 440
A6: ORD005 | B6: Yacine Belkacem | C6: Laptop | D6: 1 | E6: =_xlfn.XLOOKUP(C6,Table2[Product],Table2[Category]) -> Electronics | F6: =_xlfn.XLOOKUP(Table1[[#This Row],[Product]],Table2[Product],Table2[Unit Price]) -> 850 | G6: =D6*F6 -> 850
A7: ORD006 | B7: Amine Marseille | C7: Mouse | D7: 4 | E7: =_xlfn.XLOOKUP(C7,Table2[Product],Table2[Category]) -> Accessories | F7: =_xlfn.XLOOKUP(Table1[[#This Row],[Product]],Table2[Product],Table2[Unit Price]) -> 25 | G7: =D7*F7 -> 100
A8: ORD007 | B8: Nadia Rahmani | C8: Monitor | D8: 3 | E8: =_xlfn.XLOOKUP(C8,Table2[Product],Table2[Category]) -> Electronics | F8: =_xlfn.XLOOKUP(Table1[[#This Row],[Product]],Table2[Product],Table2[Unit Price]) -> 220 | G8: =D8*F8 -> 660
A9: ORD008 | B9: Samir Haddad | C9: Keyboard | D9: 2 | E9: =_xlfn.XLOOKUP(C9,Table2[Product],Table2[Category]) -> Accessories | F9: =_xlfn.XLOOKUP(Table1[[#This Row],[Product]],Table2[Product],Table2[Unit Price]) -> 45 | G9: =D9*F9 -> 90
A10: ORD009 | B10: Ines Bensaid | C10: Laptop | D10: 1 | E10: =_xlfn.XLOOKUP(C10,Table2[Product],Table2[Category]) -> Electronics | F10: =_xlfn.XLOOKUP(Table1[[#This Row],[Product]],Table2[Product],Table2[Unit Price]) -> 850 | G10: =D10*F10 -> 850
A11: ORD010 | B11: Walid Mansouri | C11: Mouse | D11: 6 | E11: =_xlfn.XLOOKUP(C11,Table2[Product],Table2[Category]) -> Accessories | F11: =_xlfn.XLOOKUP(Table1[[#This Row],[Product]],Table2[Product],Table2[Unit Price]) -> 25 | G11: =D11*F11 -> 150

Sheet Product
A1: Product | B1: Category | C1: Unit Price
A2: Laptop | B2: Electronics | C2: 850
A3: Mouse | B3: Accessories | C3: 25
A4: Keyboard | B4: Accessories | C4: 45
A5: Monitor | B5: Electronics | C5: 220

Sheet Analysis
A6: Sales Analysis
A7: Total Sales | D7: =SUM(Orders!G:G) -> 5100
A8: Total Quantity | D8: =SUM(Orders!D:D) -> 29
A9: Average Order Value | D9: =AVERAGE(Orders!G:G) -> 510
A10: Products | D10: Laptop | E10: Mouse | F10: Keyboard | G10: Monitor
A11: Total Sales | D11: =SUMIF(Table1[Product],Analysis!D10,Table1[Total Sales]) -> 3400 | E11: =SUMIF(Table1[Product],Analysis!E10,Table1[Total Sales]) -> 375 | F11: =SUMIF(Table1[Product],Analysis!F10,Table1[Total Sales]) -> 225 | G11: =SUMIF(Table1[Product],"Monitor",Table1[Total Sales]) -> 1100
A13: Sales by Category
A14: Category | B14: Total Sales
A15: Electronics | B15: =SUMIF(Table1[Category],Analysis!A15,Table1[Total Sales]) -> 4500
A16: Accessories | B16: =SUMIF(Table1[Category],Analysis!A16,Table1[Total Sales]) -> 600

Sheet Pivot Analysis
A3: Row Labels | B3: Sum of Total Sales
A4: Keyboard | B4: 225
A5: Laptop | B5: 3400
A6: Monitor | B6: 1100
A7: Mouse | B7: 375
A8: Grand Total | B8: 5100
