Workbook

Sheet Transactions
A1: Order ID | B1: Date | C1: Salesperson | D1: Region | E1: Product | F1: Quantity | G1: Unit Price | H1: Total Sales | I1: Status
A2: ORD001 | B2: 46266 | C2: Lina | D2: North | E2: Headset | F2: 2 | G2: 6500 | H2: =SalesData[[#This Row],[Quantity]]*SalesData[[#This Row],[Unit Price]] -> 13000 | I2: Completed
A3: ORD002 | B3: 46287 | C3: Lina | D3: East | E3: Monitor | F3: 2 | G3: 22000 | H3: =SalesData[[#This Row],[Quantity]]*SalesData[[#This Row],[Unit Price]] -> 44000 | I3: Completed
A4: ORD003 | B4: 46268 | C4: Sara | D4: West | E4: Laptop | F4: 1 | G4: 85000 | H4: =SalesData[[#This Row],[Quantity]]*SalesData[[#This Row],[Unit Price]] -> 85000 | I4: Completed
A5: ORD004 | B5: 46288 | C5: Lina | D5: South | E5: Laptop | F5: 4 | G5: 85000 | H5: =SalesData[[#This Row],[Quantity]]*SalesData[[#This Row],[Unit Price]] -> 340000 | I5: Completed
A6: ORD005 | B6: 46291 | C6: Ahmed | D6: West | E6: Printer | F6: 5 | G6: 32000 | H6: =SalesData[[#This Row],[Quantity]]*SalesData[[#This Row],[Unit Price]] -> 160000 | I6: Completed
A7: ORD006 | B7: 46270 | C7: Sara | D7: North | E7: Keyboard | F7: 5 | G7: 4500 | H7: =SalesData[[#This Row],[Quantity]]*SalesData[[#This Row],[Unit Price]] -> 22500 | I7: Completed
A8: ORD007 | B8: 46277 | C8: Yacine | D8: North | E8: Mouse | F8: 2 | G8: 2500 | H8: =SalesData[[#This Row],[Quantity]]*SalesData[[#This Row],[Unit Price]] -> 5000 | I8: Pending
A9: ORD008 | B9: 46283 | C9: Ahmed | D9: South | E9: Headset | F9: 8 | G9: 6500 | H9: =SalesData[[#This Row],[Quantity]]*SalesData[[#This Row],[Unit Price]] -> 52000 | I9: Completed
A10: ORD009 | B10: 46284 | C10: Sara | D10: East | E10: Keyboard | F10: 6 | G10: 4500 | H10: =SalesData[[#This Row],[Quantity]]*SalesData[[#This Row],[Unit Price]] -> 27000 | I10: Completed
A11: ORD010 | B11: 46268 | C11: Sara | D11: East | E11: Monitor | F11: 5 | G11: 22000 | H11: =SalesData[[#This Row],[Quantity]]*SalesData[[#This Row],[Unit Price]] -> 110000 | I11: Completed
A12: ORD011 | B12: 46271 | C12: Yacine | D12: North | E12: Mouse | F12: 6 | G12: 2500 | H12: =SalesData[[#This Row],[Quantity]]*SalesData[[#This Row],[Unit Price]] -> 15000 | I12: Completed
A13: ORD012 | B13: 46285 | C13: Lina | D13: West | E13: Keyboard | F13: 2 | G13: 4500 | H13: =SalesData[[#This Row],[Quantity]]*SalesData[[#This Row],[Unit Price]] -> 9000 | I13: Completed
... A101: ORD100 | B101: 46290 | C101: Meriem | D101: South | E101: Keyboard | F101: 5 | G101: 4500 | H101: =SalesData[[#This Row],[Quantity]]*SalesData[[#This Row],[Unit Price]] -> 22500 | I101: Completed

Sheet Monthly Summary
A1: Sales Analysis
A5: Total Sales | B5: =SUM(Transactions!H:H) -> 9733500
A6: Total Orders | B6: =COUNTA(Transactions!A:A) -> 101
A7: Total Quantity | B7: =SUM(Transactions!F:F) -> 450
A8: Average Order Value | B8: =B5/B6 -> 96371.287
H17: 9733500

Sheet Dashboard
E3: Sales Performance Dashboard
E4: September 2026 • Reporting Data
E6: Total Sales | H6: Total Orders
E7: ='Monthly Summary'!B5 -> 9733500 | H7: ='Monthly Summary'!B6 -> 101
E9: Units Sold | H9: Average Order
E10: ='Monthly Summary'!B7 -> 450 | H10: ='Monthly Summary'!B8 -> 96371.287
E11: Units Sold

Sheet Sales by Region
A3: Row Labels | B3: Sum of Total Sales
A4: East | B4: 2221500
A5: North | B5: 2223500
A6: South | B6: 2184000
A7: West | B7: 3104500
A8: Grand Total | B8: 9733500

Sheet Sales by Product
A3: Row Labels | B3: Sum of Total Sales
A4: Headset | B4: 513500
A5: Keyboard | B5: 418500
A6: Laptop | B6: 4335000
A7: Monitor | B7: 1936000
A8: Mouse | B8: 162500
A9: Printer | B9: 2368000
A10: Grand Total | B10: 9733500

Sheet Sales by person
A3: Row Labels | B3: Sum of Total Sales
A4: Ahmed | B4: 1571500
A5: Lina | B5: 2301500
A6: Meriem | B6: 2161000
A7: Omar | B7: 1358000
A8: Sara | B8: 1029000
A9: Yacine | B9: 1312500
A10: Grand Total | B10: 9733500

Sheet Sales by Date
A3: Row Labels | B3: Sum of Total Sales
A4: 46266 | B4: 271000
A5: 46267 | B5: 164500
A6: 46268 | B6: 884000
A7: 46269 | B7: 4500
A8: 46270 | B8: 1366500
A9: 46271 | B9: 17500
A10: 46272 | B10: 1059500
A11: 46273 | B11: 202000
A12: 46274 | B12: 383000
A13: 46275 | B13: 161000
A14: 46276 | B14: 243500
A15: 46277 | B15: 133000
... A31: 46294 | B31: 132000
A32: Grand Total | B32: 9733500
